URL da vaga;Nome da vaga;Nome da empresa;URL da empresa;Modelo de contrato;Nivel de experiencia;N√∫mero de candidatos;Local da sede;Data da postagem da vaga;Horario da realiza√ßao do Scraping
https://br.linkedin.com/jobs/view/est%C3%A1gio-em-social-media-at-hubify-marketing-digital-para-gerar-prosperidade-3545030224?refId=nQZy1PuXhYFQQJWV0XLsUA%3D%3D&trackingId=Ow8%2FQr9fBBqEZqtEy6VeMg%3D%3D&position=1&pageNum=0&trk=public_jobs_jserp-result_search-card;Est√°gio em Social Media;Hubify - Marketing Digital Para Gerar Prosperidade;https://br.linkedin.com/company/hubify-marketing-de-performance?trk=public_jobs_jserp-result_job-search-card-subtitle;Tempo integral;N√£o aplic√°vel;Mais de 200 candidaturas;S√£o Paulo, SP;28/03/2023;28/03/2023 20:21
https://br.linkedin.com/jobs/view/pessoa-diretora-de-arte-pleno-afirmativa-para-mulheres-pretas-at-ogilvy-brasil-3507873986?refId=nQZy1PuXhYFQQJWV0XLsUA%3D%3D&trackingId=PySdgYU9foMRa0KOwr%2FIpg%3D%3D&position=2&pageNum=0&trk=public_jobs_jserp-result_search-card;Pessoa Diretora de Arte Pleno - Afirmativa para Mulheres Pretas;Ogilvy Brasil;https://br.linkedin.com/company/ogilvybrasil?trk=public_jobs_jserp-result_job-search-card-subtitle;Tempo integral;N√£o aplic√°vel;Mais de 200 candidaturas;S√£o Paulo, SP;28/03/2023;28/03/2023 20:21
https://br.linkedin.com/jobs/view/branding-analista-de-conte%C3%BAdo-at-beep-sa%C3%BAde-3520413128?refId=nQZy1PuXhYFQQJWV0XLsUA%3D%3D&trackingId=pWYwLxRJ4xL4JaeZT5qdkQ%3D%3D&position=3&pageNum=0&trk=public_jobs_jserp-result_search-card;[Branding] Analista de Conte√∫do;Beep Sa√∫de;https://br.linkedin.com/company/beepsaude?trk=public_jobs_jserp-result_job-search-card-subtitle;Tempo integral;N√£o aplic√°vel;Mais de 200 candidaturas;Rio de Janeiro, RJ;28/03/2023;28/03/2023 20:21
https://br.linkedin.com/jobs/view/assistente-de-marketing-e-publicidade-at-equipe-cine-3521828190?refId=nQZy1PuXhYFQQJWV0XLsUA%3D%3D&trackingId=FvKLHFwQjBxGwAdVsRvDnA%3D%3D&position=4&pageNum=0&trk=public_jobs_jserp-result_search-card;Assistente de Marketing e Publicidade;Equipe Cine;https://br.linkedin.com/company/equipe-cine?trk=public_jobs_jserp-result_job-search-card-subtitle;Tempo integral;Assistente;59 candidaturas;S√£o Paulo e Regi√£o;14/03/2023;28/03/2023 20:21
https://br.linkedin.com/jobs/view/designer-jr-at-grupo-profarma-3434340350?refId=nQZy1PuXhYFQQJWV0XLsUA%3D%3D&trackingId=19q%2FLfBWv7rLf0RcAdi4Lg%3D%3D&position=5&pageNum=0&trk=public_jobs_jserp-result_search-card;Designer JR;Grupo Profarma;https://br.linkedin.com/company/grupo-profarma?trk=public_jobs_jserp-result_job-search-card-subtitle;Tempo integral;Pleno-s√™nior;Mais de 200 candidaturas;Rio de Janeiro, RJ;28/03/2023;28/03/2023 20:21
https://br.linkedin.com/jobs/view/assistente-de-publicidade-e-marketing-at-equipe-cine-3521822371?refId=nQZy1PuXhYFQQJWV0XLsUA%3D%3D&trackingId=lsJctMGQYw6AP1TLAK3eFQ%3D%3D&position=6&pageNum=0&trk=public_jobs_jserp-result_search-card;Assistente de Publicidade e Marketing;Equipe Cine;https://br.linkedin.com/company/equipe-cine?trk=public_jobs_jserp-result_job-search-card-subtitle;Tempo integral;Assistente;32 candidaturas;S√£o Paulo e Regi√£o;14/03/2023;28/03/2023 20:21
https://br.linkedin.com/jobs/view/analista-de-marketing-generalista-at-focsi-foco-em-sele%C3%A7%C3%A3o-de-intelig%C3%AAncias-3547439164?refId=nQZy1PuXhYFQQJWV0XLsUA%3D%3D&trackingId=Uc5rq6e%2B6vvxB8RFcd0AZg%3D%3D&position=7&pageNum=0&trk=public_jobs_jserp-result_search-card;ANALISTA DE MARKETING GENERALISTA;Focsi Foco em Sele√ß√£o de Intelig√™ncias;https://br.linkedin.com/company/focsifocoemselecao?trk=public_jobs_jserp-result_job-search-card-subtitle;Tempo integral;Assistente;32 candidaturas;Londrina, PR;14/03/2023;28/03/2023 20:21
https://br.linkedin.com/jobs/view/organizador-de-conte%C3%BAdo-marketing-digital-e-novas-m%C3%ADdias-at-vitru-education-3539565171?refId=nQZy1PuXhYFQQJWV0XLsUA%3D%3D&trackingId=4vf4SC720DSUCCgNbarP5w%3D%3D&position=8&pageNum=0&trk=public_jobs_jserp-result_search-card;ORGANIZADOR DE CONTE√öDO - MARKETING DIGITAL E NOVAS M√çDIAS;Vitru Education;https://br.linkedin.com/company/vitrueducation?trk=public_jobs_jserp-result_job-search-card-subtitle;Tempo integral;N√£o aplic√°vel;137 candidaturas;Florian√≥polis, SC;28/03/2023;28/03/2023 20:21
https://br.linkedin.com/jobs/view/auxiliar-de-comunica%C3%A7%C3%A3o-at-centro-universit%C3%A1rio-s%C3%A3o-camilo-3490904630?refId=nQZy1PuXhYFQQJWV0XLsUA%3D%3D&trackingId=Rbh5XVT3LLg1qDjAkpm7Xg%3D%3D&position=9&pageNum=0&trk=public_jobs_jserp-result_search-card;Auxiliar de Comunica√ß√£o;Centro Universit√°rio S√£o Camilo;https://br.linkedin.com/company/centro-universit-rio-s-o-camilo?trk=public_jobs_jserp-result_job-search-card-subtitle;Tempo integral;N√£o aplic√°vel;Mais de 200 candidaturas;S√£o Paulo, SP;28/02/2023;28/03/2023 20:21
https://br.linkedin.com/jobs/view/analista-de-marketing-sr-at-nova8-3547436325?refId=nQZy1PuXhYFQQJWV0XLsUA%3D%3D&trackingId=kGeSyvWFCt6YLv5A0rHhYw%3D%3D&position=10&pageNum=0&trk=public_jobs_jserp-result_search-card;Analista de Marketing SR;NOVA8;https://br.linkedin.com/company/nova8?trk=public_jobs_jserp-result_job-search-card-subtitle;Tempo integral;N√£o aplic√°vel;Mais de 200 candidaturas;Barueri, SP;28/02/2023;28/03/2023 20:21
https://br.linkedin.com/jobs/view/analista-de-marketing-de-conte%C3%BAdo-j%C3%BAnior-at-evoluservices-meios-de-pagamento-3511618001?refId=nQZy1PuXhYFQQJWV0XLsUA%3D%3D&trackingId=1Za%2BsFKWVilAPJsKctmZsw%3D%3D&position=11&pageNum=0&trk=public_jobs_jserp-result_search-card;Analista de Marketing de Conte√∫do J√∫nior;EvoluServices Meios de Pagamento;https://br.linkedin.com/company/evoluservices?trk=public_jobs_jserp-result_job-search-card-subtitle;Tempo integral;N√£o aplic√°vel;Mais de 200 candidaturas;S√£o Paulo, SP;28/02/2023;28/03/2023 20:21
https://br.linkedin.com/jobs/view/analista-j%C3%BAnior-%E2%80%93-comunica%C3%A7%C3%A3o-interna-at-sicoob-credicitrus-3529646059?refId=nQZy1PuXhYFQQJWV0XLsUA%3D%3D&trackingId=fAn74wLJyszAjbxi1H7FfQ%3D%3D&position=12&pageNum=0&trk=public_jobs_jserp-result_search-card;Analista J√∫nior ‚Äì Comunica√ß√£o Interna;Sicoob Credicitrus;https://br.linkedin.com/company/sicoob-credicitrus?trk=public_jobs_jserp-result_job-search-card-subtitle;Est√°gio;N√£o aplic√°vel;117 candidaturas;S√£o Paulo, SP;28/02/2023;28/03/2023 20:21
https://br.linkedin.com/jobs/view/especialista-de-marketing-at-la-moda-3542817953?refId=nQZy1PuXhYFQQJWV0XLsUA%3D%3D&trackingId=FwBLA1PwD6hBrpScskm%2Fug%3D%3D&position=13&pageNum=0&trk=public_jobs_jserp-result_search-card;ESPECIALISTA DE MARKETING;La Moda;https://br.linkedin.com/company/la-moda?trk=public_jobs_jserp-result_job-search-card-subtitle;Tempo integral;N√£o aplic√°vel;27 candidaturas;Crici√∫ma, SC;28/03/2023;28/03/2023 20:21
https://br.linkedin.com/jobs/view/coordenador-de-growth-marketing-at-sicoob-3527435905?refId=nQZy1PuXhYFQQJWV0XLsUA%3D%3D&trackingId=N6BbzOirKMJRzwhAhi5AqA%3D%3D&position=14&pageNum=0&trk=public_jobs_jserp-result_search-card;Coordenador de Growth Marketing;Sicoob;https://br.linkedin.com/company/sicooboficial?trk=public_jobs_jserp-result_job-search-card-subtitle;Tempo integral;N√£o aplic√°vel;27 candidaturas;Bras√≠lia, DF;28/03/2023;28/03/2023 20:21
https://br.linkedin.com/jobs/view/redator-de-social-media-at-empregga-3537986305?refId=nQZy1PuXhYFQQJWV0XLsUA%3D%3D&trackingId=mt5bufe3XLp6gM5mkXaqpw%3D%3D&position=15&pageNum=0&trk=public_jobs_jserp-result_search-card;Redator de Social Media;EMPREGGA;https://br.linkedin.com/company/empregga?trk=public_jobs_jserp-result_job-search-card-subtitle;Tempo integral;N√£o aplic√°vel;27 candidaturas;Curitiba, PR;28/03/2023;28/03/2023 20:21
https://br.linkedin.com/jobs/view/designer-at-grupo-bisutti-3489343804?refId=nQZy1PuXhYFQQJWV0XLsUA%3D%3D&trackingId=PA8C61D2Vm2J4UV63MROPw%3D%3D&position=16&pageNum=0&trk=public_jobs_jserp-result_search-card;Designer;Grupo Bisutti;https://br.linkedin.com/company/grupo-bisutti?trk=public_jobs_jserp-result_job-search-card-subtitle;Tempo integral;Assistente;149 candidaturas;S√£o Paulo e Regi√£o;28/02/2023;28/03/2023 20:21
https://br.linkedin.com/jobs/view/marketing-social-media-at-la%C3%A7ador-de-ofertas-3530971459?refId=nQZy1PuXhYFQQJWV0XLsUA%3D%3D&trackingId=BJiPajLg6XK5%2Fx7BMReRFQ%3D%3D&position=17&pageNum=0&trk=public_jobs_jserp-result_search-card;Marketing Social Media;La√ßador de Ofertas;https://br.linkedin.com/company/la-ador-de-ofertas?trk=public_jobs_jserp-result_job-search-card-subtitle;Tempo integral;Assistente;Seja um dos 25 primeiros a se candidatar;Porto Alegre, RS;28/02/2023;28/03/2023 20:21
https://br.linkedin.com/jobs/view/social-media-at-arbo-3533893407?refId=nQZy1PuXhYFQQJWV0XLsUA%3D%3D&trackingId=%2BOi5x0bxq2cUuccOutXc7w%3D%3D&position=18&pageNum=0&trk=public_jobs_jserp-result_search-card;Social Media;Arbo;https://br.linkedin.com/company/arboplatform?trk=public_jobs_jserp-result_job-search-card-subtitle;Tempo integral;Assistente;25 candidaturas;Londrina, PR;28/03/2023;28/03/2023 20:21
https://br.linkedin.com/jobs/view/organizador-de-conte%C3%BAdo-reda%C3%A7%C3%A3o-publicit%C3%A1ria-multiplataformas-at-vitru-education-3529648582?refId=nQZy1PuXhYFQQJWV0XLsUA%3D%3D&trackingId=iySBtg8%2FkR3mGxS%2BLHGODg%3D%3D&position=19&pageNum=0&trk=public_jobs_jserp-result_search-card;ORGANIZADOR DE CONTE√öDO - REDA√á√ÉO PUBLICIT√ÅRIA MULTIPLATAFORMAS;Vitru Education;https://br.linkedin.com/company/vitrueducation?trk=public_jobs_jserp-result_job-search-card-subtitle;Tempo integral;Assistente;25 candidaturas;Florian√≥polis, SC;28/03/2023;28/03/2023 20:21
https://br.linkedin.com/jobs/view/marketing-analista-de-cria%C3%A7%C3%A3o-j%C3%BAnior-at-costa-brava-viagens-e-eventos-3540611861?refId=nQZy1PuXhYFQQJWV0XLsUA%3D%3D&trackingId=RonhZVX2KIhgLONv%2F7luAw%3D%3D&position=20&pageNum=0&trk=public_jobs_jserp-result_search-card;Marketing | Analista de Cria√ß√£o J√∫nior;Costa Brava Viagens e Eventos;https://br.linkedin.com/company/costa-brava-viagens-e-eventos?trk=public_jobs_jserp-result_job-search-card-subtitle;Tempo integral;N√£o aplic√°vel;Seja um dos 25 primeiros a se candidatar;Campinas, SP;28/03/2023;28/03/2023 20:21
https://br.linkedin.com/jobs/view/analista-de-eventos-at-jornal-oficina-brasil-3486191741?refId=nQZy1PuXhYFQQJWV0XLsUA%3D%3D&trackingId=JA7OgUxtQf9Nuk3cS%2Fuo9Q%3D%3D&position=21&pageNum=0&trk=public_jobs_jserp-result_search-card;Analista de Eventos;Jornal Oficina Brasil;https://br.linkedin.com/company/grupo-oficina-brasil?trk=public_jobs_jserp-result_job-search-card-subtitle;Tempo integral;Assistente;142 candidaturas;S√£o Paulo e Regi√£o;28/02/2023;28/03/2023 20:21
https://br.linkedin.com/jobs/view/coordenador-de-marketing-at-f%C3%A1brica-de-bares-3481930855?refId=nQZy1PuXhYFQQJWV0XLsUA%3D%3D&trackingId=AqQY3Ht5m%2FAnhWcs07kiMg%3D%3D&position=22&pageNum=0&trk=public_jobs_jserp-result_search-card;Coordenador de Marketing;F√°brica de Bares;https://br.linkedin.com/company/fabrica-de-bares?trk=public_jobs_jserp-result_job-search-card-subtitle;Tempo integral;Assistente;39 candidaturas;S√£o Paulo e Regi√£o;28/02/2023;28/03/2023 20:21
https://br.linkedin.com/jobs/view/assistente-de-conte%C3%BAdo-at-la-moda-3526265356?refId=nQZy1PuXhYFQQJWV0XLsUA%3D%3D&trackingId=i5cRJmsitvYqj5qvXymU0Q%3D%3D&position=23&pageNum=0&trk=public_jobs_jserp-result_search-card;ASSISTENTE DE CONTE√öDO;La Moda;https://br.linkedin.com/company/la-moda?trk=public_jobs_jserp-result_job-search-card-subtitle;Tempo integral;Assistente;39 candidaturas;Crici√∫ma, SC;28/02/2023;28/03/2023 20:21
https://br.linkedin.com/jobs/view/auxiliar-t%C3%A9cnico-noturno-at-eletromidia-3540564785?refId=nQZy1PuXhYFQQJWV0XLsUA%3D%3D&trackingId=ZtP%2Fc%2BV6N%2BVpsNCTfEO05g%3D%3D&position=24&pageNum=0&trk=public_jobs_jserp-result_search-card;Auxiliar T√©cnico (Noturno);Eletromidia;https://br.linkedin.com/company/eletromidia?trk=public_jobs_jserp-result_job-search-card-subtitle;Tempo integral;Assistente;56 candidaturas;Rio de Janeiro, RJ;28/03/2023;28/03/2023 20:21
https://br.linkedin.com/jobs/view/designer-j%C3%BAnior-at-evoi-publicidade-3517919447?refId=W5%2FVE%2FY%2FdKVGU4OSely7nQ%3D%3D&trackingId=9cJni11Gr2yNXKgwGgzlrg%3D%3D&position=1&pageNum=1&trk=public_jobs_jserp-result_search-card;Designer - J√öNIOR;Evoi Publicidade;https://br.linkedin.com/company/evoi-publicidade?trk=public_jobs_jserp-result_job-search-card-subtitle;Tempo integral;Assistente;41 candidaturas;S√£o Paulo, SP;14/03/2023;28/03/2023 20:21
https://br.linkedin.com/jobs/view/coordena%C3%A7%C3%A3o-de-comunica%C3%A7%C3%A3o-e-marketing-at-rede-damas-educacional-3529641382?refId=W5%2FVE%2FY%2FdKVGU4OSely7nQ%3D%3D&trackingId=xTpBpstLuCZaSf0u6GSYzw%3D%3D&position=2&pageNum=1&trk=public_jobs_jserp-result_search-card;Coordena√ß√£o de Comunica√ß√£o e Marketing;Rede Damas Educacional;https://br.linkedin.com/company/rededamaseducacional?trk=public_jobs_jserp-result_job-search-card-subtitle;Tempo integral;Assistente;41 candidaturas;Recife, PE;14/03/2023;28/03/2023 20:21
https://br.linkedin.com/jobs/view/assistente-de-social-media-at-unidem-3533585560?refId=W5%2FVE%2FY%2FdKVGU4OSely7nQ%3D%3D&trackingId=HxNmFN2qrzOABiwFqR2JQw%3D%3D&position=3&pageNum=1&trk=public_jobs_jserp-result_search-card;Assistente De Social Media;Unidem;https://br.linkedin.com/company/unidem?trk=public_jobs_jserp-result_job-search-card-subtitle;Tempo integral;Assistente;41 candidaturas;Porto Alegre, RS;14/03/2023;28/03/2023 20:21
https://br.linkedin.com/jobs/view/designer-gr%C3%A1fico-at-qi-quem-indica-3344526466?refId=W5%2FVE%2FY%2FdKVGU4OSely7nQ%3D%3D&trackingId=BREMvas4KkN80AinDQdeVA%3D%3D&position=4&pageNum=1&trk=public_jobs_jserp-result_search-card;Designer Gr√°fico;QI - Quem Indica;https://br.linkedin.com/company/qi-quem-indica?trk=public_jobs_jserp-result_job-search-card-subtitle;Tempo integral;Pleno-s√™nior;62 candidaturas;Montes Claros, MG;28/03/2023;28/03/2023 20:21
https://br.linkedin.com/jobs/view/social-media-pleno-at-grupo-safira-3531388402?refId=W5%2FVE%2FY%2FdKVGU4OSely7nQ%3D%3D&trackingId=AcuGGp382B56G5O9DfZ3OA%3D%3D&position=5&pageNum=1&trk=public_jobs_jserp-result_search-card;Social Media Pleno;Grupo Safira;https://br.linkedin.com/company/gruposafira?trk=public_jobs_jserp-result_job-search-card-subtitle;Tempo integral;N√£o aplic√°vel;49 candidaturas;S√£o Paulo, SP;21/03/2023;28/03/2023 20:21
https://br.linkedin.com/jobs/view/designer-jr-at-profarma-direct-limited-3535340185?refId=W5%2FVE%2FY%2FdKVGU4OSely7nQ%3D%3D&trackingId=IAfc4EIPNmddw54aPdaIMQ%3D%3D&position=6&pageNum=1&trk=public_jobs_jserp-result_search-card;Designer JR;PROFARMA DIRECT LIMITED;https://www.linkedin.com/company/profarma-direct-limited?trk=public_jobs_jserp-result_job-search-card-subtitle;Tempo integral;N√£o aplic√°vel;49 candidaturas;Rio de Janeiro, RJ;21/03/2023;28/03/2023 20:21
https://br.linkedin.com/jobs/view/designer-gr%C3%A1fico-at-portus-digital-3515382675?refId=W5%2FVE%2FY%2FdKVGU4OSely7nQ%3D%3D&trackingId=WloyPWbUOzHhTISehE43Tw%3D%3D&position=7&pageNum=1&trk=public_jobs_jserp-result_search-card;Designer Gr√°fico;Portus Digital;https://br.linkedin.com/company/portusdigital?trk=public_jobs_jserp-result_job-search-card-subtitle;Tempo integral;N√£o aplic√°vel;49 candidaturas;Brasil;21/03/2023;28/03/2023 20:21
https://br.linkedin.com/jobs/view/designer-digital-at-la-moda-3529644779?refId=W5%2FVE%2FY%2FdKVGU4OSely7nQ%3D%3D&trackingId=64Z%2BU2nfSRsIlFY22kVasg%3D%3D&position=8&pageNum=1&trk=public_jobs_jserp-result_search-card;DESIGNER DIGITAL;La Moda;https://br.linkedin.com/company/la-moda?trk=public_jobs_jserp-result_job-search-card-subtitle;Tempo integral;N√£o aplic√°vel;Seja um dos 25 primeiros a se candidatar;Crici√∫ma, SC;28/02/2023;28/03/2023 20:21
https://br.linkedin.com/jobs/view/designer-at-solubio-3528222334?refId=W5%2FVE%2FY%2FdKVGU4OSely7nQ%3D%3D&trackingId=LfMDJWD4xgZmdpYapQC94g%3D%3D&position=9&pageNum=1&trk=public_jobs_jserp-result_search-card;Designer;SoluBio;https://br.linkedin.com/company/solubiooficial?trk=public_jobs_jserp-result_job-search-card-subtitle;Tempo integral;N√£o aplic√°vel;Mais de 200 candidaturas;Jata√≠, GO;21/03/2023;28/03/2023 20:21
https://br.linkedin.com/jobs/view/analista-de-eventos-at-razac-3547197048?refId=W5%2FVE%2FY%2FdKVGU4OSely7nQ%3D%3D&trackingId=HOLm9Vts8ELr5zQ6Pbuitw%3D%3D&position=10&pageNum=1&trk=public_jobs_jserp-result_search-card;Analista de Eventos;Razac;https://br.linkedin.com/company/razactrading?trk=public_jobs_jserp-result_job-search-card-subtitle;Tempo integral;N√£o aplic√°vel;Mais de 200 candidaturas;S√£o Paulo, SP;21/03/2023;28/03/2023 20:21
https://br.linkedin.com/jobs/view/designer-at-la-moda-3534305028?refId=W5%2FVE%2FY%2FdKVGU4OSely7nQ%3D%3D&trackingId=Mzc3FkVvY68edqRAyhropg%3D%3D&position=11&pageNum=1&trk=public_jobs_jserp-result_search-card;DESIGNER;La Moda;https://br.linkedin.com/company/la-moda?trk=public_jobs_jserp-result_job-search-card-subtitle;Tempo integral;N√£o aplic√°vel;Mais de 200 candidaturas;Crici√∫ma, SC;21/03/2023;28/03/2023 20:21
https://br.linkedin.com/jobs/view/analista-de-social-media-pinhais-pr-at-ad-clinic-biomedicina-est%C3%A9tica-3537624623?refId=W5%2FVE%2FY%2FdKVGU4OSely7nQ%3D%3D&trackingId=MbF3MfsT6aXx1REbYokoZQ%3D%3D&position=12&pageNum=1&trk=public_jobs_jserp-result_search-card;Analista de Social Media | Pinhais PR;Ad Clinic - Biomedicina Est√©tica;https://br.linkedin.com/company/ad-clinic-clinica-de-estetica?trk=public_jobs_jserp-result_job-search-card-subtitle;Tempo integral;Assistente;Seja um dos 25 primeiros a se candidatar;Pinhais, PR;21/03/2023;28/03/2023 20:21
https://br.linkedin.com/jobs/view/analista-de-produto-publicit%C3%A1rio-s%C3%AAnior-mais-pessoas-negras-na-globo%21-%E2%9C%8A%F0%9F%8F%BE-at-globo-3399089914?refId=W5%2FVE%2FY%2FdKVGU4OSely7nQ%3D%3D&trackingId=MNi9Xae2BiPWocCnHXJ%2BvA%3D%3D&position=13&pageNum=1&trk=public_jobs_jserp-result_search-card;Analista de Produto Publicit√°rio S√™nior | Mais pessoas negras na Globo! ‚úäüèæ;Globo;https://br.linkedin.com/company/globo?trk=public_jobs_jserp-result_job-search-card-subtitle;Tempo integral;Pleno-s√™nior;Mais de 200 candidaturas;S√£o Paulo, SP;14/03/2023;28/03/2023 20:21
https://br.linkedin.com/jobs/view/assistente-de-atendimento-k-at-wunderman-thompson-brasil-3536783561?refId=W5%2FVE%2FY%2FdKVGU4OSely7nQ%3D%3D&trackingId=94Ut0LL9e3arUDWFegq6Hw%3D%3D&position=14&pageNum=1&trk=public_jobs_jserp-result_search-card;Assistente de Atendimento [k];Wunderman Thompson Brasil;https://br.linkedin.com/company/wundermanthompson-brasil?trk=public_jobs_jserp-result_job-search-card-subtitle;Tempo integral;Pleno-s√™nior;Mais de 200 candidaturas;S√£o Paulo, SP;14/03/2023;28/03/2023 20:21
https://br.linkedin.com/jobs/view/designer-at-col%C3%A9gio-tiradentes-3469596003?refId=W5%2FVE%2FY%2FdKVGU4OSely7nQ%3D%3D&trackingId=d%2BKu5RG9uV6hVb2FQZ1JYA%3D%3D&position=15&pageNum=1&trk=public_jobs_jserp-result_search-card;Designer;Col√©gio Tiradentes;https://br.linkedin.com/company/colegio-tiradentes?trk=public_jobs_jserp-result_job-search-card-subtitle;Tempo integral;Pleno-s√™nior;Mais de 200 candidaturas;Fortaleza, CE;14/03/2023;28/03/2023 20:21
https://br.linkedin.com/jobs/view/social-media-at-facilite-link-3545208632?refId=W5%2FVE%2FY%2FdKVGU4OSely7nQ%3D%3D&trackingId=2x7AJBM9xdBnoBpk043QZw%3D%3D&position=16&pageNum=1&trk=public_jobs_jserp-result_search-card;Social Media;Facilite Link;https://br.linkedin.com/company/facilite-link?trk=public_jobs_jserp-result_job-search-card-subtitle;Tempo integral;Assistente;Seja um dos 25 primeiros a se candidatar;Navegantes, SC;28/03/2023;28/03/2023 20:21
https://br.linkedin.com/jobs/view/designer-at-link-capital-humano-3537896566?refId=W5%2FVE%2FY%2FdKVGU4OSely7nQ%3D%3D&trackingId=0z0qdBPw4U7hffyBcQCryg%3D%3D&position=17&pageNum=1&trk=public_jobs_jserp-result_search-card;Designer;Link Capital Humano;https://br.linkedin.com/company/link-capital-humanoslo?trk=public_jobs_jserp-result_job-search-card-subtitle;Tempo integral;Assistente;Seja um dos 25 primeiros a se candidatar;Pato Branco, PR;28/03/2023;28/03/2023 20:21
https://br.linkedin.com/jobs/view/designer-pleno-at-gae-gouv%C3%AAa-advocacia-e-estrat%C3%A9gia-3519222025?refId=W5%2FVE%2FY%2FdKVGU4OSely7nQ%3D%3D&trackingId=om7LjWysnFMCtood6BPXfg%3D%3D&position=19&pageNum=1&trk=public_jobs_jserp-result_search-card;Designer Pleno;GAE | Gouv√™a Advocacia e Estrat√©gia;https://br.linkedin.com/company/gae-advocacia?trk=public_jobs_jserp-result_job-search-card-subtitle;Tempo integral;Assistente;Seja um dos 25 primeiros a se candidatar;Rio de Janeiro, RJ;28/03/2023;28/03/2023 20:21
https://br.linkedin.com/jobs/view/analista-de-marketing-at-abra-academia-brasileira-de-arte-3510800593?refId=W5%2FVE%2FY%2FdKVGU4OSely7nQ%3D%3D&trackingId=ckBIh8VmLJuzt4iYsoa2Tw%3D%3D&position=20&pageNum=1&trk=public_jobs_jserp-result_search-card;Analista de Marketing;ABRA - Academia Brasileira de Arte;https://br.linkedin.com/company/abra-academia-brasileira-de-arte?trk=public_jobs_jserp-result_job-search-card-subtitle;Tempo integral;Assistente;Seja um dos 25 primeiros a se candidatar;S√£o Paulo e Regi√£o;28/03/2023;28/03/2023 20:21
https://br.linkedin.com/jobs/view/designer-gr%C3%A1fico-assistente-at-sunset-ag%C3%AAncia-de-marketing-digital-3535402213?refId=W5%2FVE%2FY%2FdKVGU4OSely7nQ%3D%3D&trackingId=svLikOqTveZpnKXYkhM9AA%3D%3D&position=21&pageNum=1&trk=public_jobs_jserp-result_search-card;Designer gr√°fico assistente;Sunset Ag√™ncia de Marketing Digital;https://br.linkedin.com/company/sunset-marketing-digital?trk=public_jobs_jserp-result_job-search-card-subtitle;Tempo integral;Pleno-s√™nior;Seja um dos 25 primeiros a se candidatar;S√£o Jos√© do Rio Preto, SP;07/03/2023;28/03/2023 20:21
